id,x,y,radius
obstacle_1,0.3825,0.575,0.05000000074505806
obstacle_2,0.3775,0.5349999999999999,0.05000000074505806
obstacle_3,0.38375,0.48,0.05000000074505806
